{
    "name": "root",
    "gauges": {
        "robotAgent.Policy.Entropy.mean": {
            "value": 1.3978215456008911,
            "min": 1.3978215456008911,
            "max": 1.3978215456008911,
            "count": 1
        },
        "robotAgent.Policy.Entropy.sum": {
            "value": 357.8423156738281,
            "min": 357.8423156738281,
            "max": 357.8423156738281,
            "count": 1
        },
        "robotAgent.Step.mean": {
            "value": 664906.0,
            "min": 664906.0,
            "max": 664906.0,
            "count": 1
        },
        "robotAgent.Step.sum": {
            "value": 664906.0,
            "min": 664906.0,
            "max": 664906.0,
            "count": 1
        },
        "robotAgent.Policy.ExtrinsicValueEstimate.mean": {
            "value": 4.98056697845459,
            "min": 4.98056697845459,
            "max": 4.98056697845459,
            "count": 1
        },
        "robotAgent.Policy.ExtrinsicValueEstimate.sum": {
            "value": 4.98056697845459,
            "min": 4.98056697845459,
            "max": 4.98056697845459,
            "count": 1
        },
        "robotAgent.Policy.CuriosityValueEstimate.mean": {
            "value": 0.04480455443263054,
            "min": 0.04480455443263054,
            "max": 0.04480455443263054,
            "count": 1
        },
        "robotAgent.Policy.CuriosityValueEstimate.sum": {
            "value": 0.04480455443263054,
            "min": 0.04480455443263054,
            "max": 0.04480455443263054,
            "count": 1
        },
        "robotAgent.IsTraining.mean": {
            "value": 1.0,
            "min": 1.0,
            "max": 1.0,
            "count": 1
        },
        "robotAgent.IsTraining.sum": {
            "value": 1.0,
            "min": 1.0,
            "max": 1.0,
            "count": 1
        }
    },
    "metadata": {
        "timer_format_version": "0.1.0",
        "start_time_seconds": "1738490653",
        "python_version": "3.8.0 (tags/v3.8.0:fa919fd, Oct 14 2019, 19:37:50) [MSC v.1916 64 bit (AMD64)]",
        "command_line_arguments": "C:\\Users\\mar19\\AppData\\Local\\Programs\\Python\\Python38\\Scripts\\mlagents-learn configuration.yaml --run-id=RobotAgent --resume --no-graphics",
        "mlagents_version": "0.29.0",
        "mlagents_envs_version": "0.29.0",
        "communication_protocol_version": "1.5.0",
        "pytorch_version": "2.4.1+cpu",
        "numpy_version": "1.21.2",
        "end_time_seconds": "1738490741"
    },
    "total": 87.6004944,
    "count": 1,
    "self": 0.027905500000002803,
    "children": {
        "run_training.setup": {
            "total": 0.2061149999999996,
            "count": 1,
            "self": 0.2061149999999996
        },
        "TrainerController.start_learning": {
            "total": 87.3664739,
            "count": 1,
            "self": 0.07658000000006382,
            "children": {
                "TrainerController._reset_env": {
                    "total": 27.7115652,
                    "count": 1,
                    "self": 27.7115652
                },
                "TrainerController.advance": {
                    "total": 59.05665449999993,
                    "count": 717,
                    "self": 0.02520649999987512,
                    "children": {
                        "env_step": {
                            "total": 59.031448000000054,
                            "count": 717,
                            "self": 56.34674630000027,
                            "children": {
                                "SubprocessEnvManager._take_step": {
                                    "total": 2.655551999999801,
                                    "count": 717,
                                    "self": 0.13473479999967708,
                                    "children": {
                                        "TorchPolicy.evaluate": {
                                            "total": 2.520817200000124,
                                            "count": 717,
                                            "self": 0.4515656000001158,
                                            "children": {
                                                "TorchPolicy.sample_actions": {
                                                    "total": 2.0692516000000083,
                                                    "count": 717,
                                                    "self": 2.0692516000000083
                                                }
                                            }
                                        }
                                    }
                                },
                                "workers": {
                                    "total": 0.029149699999983625,
                                    "count": 716,
                                    "self": 0.0,
                                    "children": {
                                        "worker_root": {
                                            "total": 51.81179160000001,
                                            "count": 716,
                                            "is_parallel": true,
                                            "self": 8.48424659999997,
                                            "children": {
                                                "steps_from_proto": {
                                                    "total": 0.018577700000001585,
                                                    "count": 1,
                                                    "is_parallel": true,
                                                    "self": 0.0005945999999994456,
                                                    "children": {
                                                        "_process_rank_one_or_two_observation": {
                                                            "total": 0.01798310000000214,
                                                            "count": 4,
                                                            "is_parallel": true,
                                                            "self": 0.01798310000000214
                                                        }
                                                    }
                                                },
                                                "UnityEnvironment.step": {
                                                    "total": 43.308967300000035,
                                                    "count": 716,
                                                    "is_parallel": true,
                                                    "self": 0.17178730000034648,
                                                    "children": {
                                                        "UnityEnvironment._generate_step_input": {
                                                            "total": 0.13243799999986905,
                                                            "count": 716,
                                                            "is_parallel": true,
                                                            "self": 0.13243799999986905
                                                        },
                                                        "communicator.exchange": {
                                                            "total": 42.396888799999886,
                                                            "count": 716,
                                                            "is_parallel": true,
                                                            "self": 42.396888799999886
                                                        },
                                                        "steps_from_proto": {
                                                            "total": 0.6078531999999406,