{"count":1,"self":115.0175744,"total":115.3552484,"children":{"InitializeActuators":{"count":1,"self":0.0010006,"total":0.0010006,"children":null},"InitializeSensors":{"count":1,"self":0.0035194999999999996,"total":0.0035194999999999996,"children":null},"AgentSendState":{"count":5503,"self":0.22709359999999998,"total":0.2932897,"children":{"CollectObservations":{"count":5503,"self":0.0332038,"total":0.0332038,"children":null},"WriteActionMask":{"count":5503,"self":0.0072321999999999994,"total":0.0072321999999999994,"children":null},"RequestDecision":{"count":5503,"self":0.0182742,"total":0.025760099999999998,"children":{"RayPerceptionSensor.Perceive":{"count":5503,"self":0.0074858999999999993,"total":0.0074858999999999993,"children":null}}}}},"DecideAction":{"count":5503,"self":0.0196775,"total":0.0196775,"children":null},"AgentAct":{"count":5503,"self":0.0201904,"total":0.0201904,"children":null}},"gauges":{},"metadata":{"timer_format_version":"0.1.0","start_time_seconds":"1734677886","unity_version":"6000.0.25f1","command_line_arguments":"D:\\6000.0.25f1\\Editor\\Unity.exe -projectpath D:\/Unity Projects\/GitHub\/Trip-And-Grip -useHub -hubIPC -cloudEnvironment production","communication_protocol_version":"1.5.0","com.unity.ml-agents_version":"3.0.0","scene_name":"SetupScene","end_time_seconds":"1734678001"}}