{"count":1,"self":16.304236799999998,"total":16.3908788,"children":{"InitializeActuators":{"count":1,"self":0.0010092999999999999,"total":0.0010092999999999999,"children":null},"InitializeSensors":{"count":1,"self":0.002374,"total":0.002374,"children":null},"AgentSendState":{"count":563,"self":0.064731,"total":0.0726008,"children":{"CollectObservations":{"count":563,"self":0.0006173,"total":0.0006173,"children":null},"WriteActionMask":{"count":563,"self":0.0015689999999999999,"total":0.0015689999999999999,"children":null},"RequestDecision":{"count":563,"self":0.0051254,"total":0.0056834999999999993,"children":{"RayPerceptionSensor.Perceive":{"count":563,"self":0.0005581,"total":0.0005581,"children":null}}}}},"DecideAction":{"count":563,"self":0.0037089999999999996,"total":0.0037089999999999996,"children":null},"AgentAct":{"count":563,"self":0.0069489999999999994,"total":0.0069489999999999994,"children":null}},"gauges":{},"metadata":{"timer_format_version":"0.1.0","start_time_seconds":"1734624259","unity_version":"6000.0.25f1","command_line_arguments":"D:\\6000.0.25f1\\Editor\\Unity.exe -projectpath D:\/Unity Projects\/GitHub\/Trip-And-Grip -useHub -hubIPC -cloudEnvironment production","communication_protocol_version":"1.5.0","com.unity.ml-agents_version":"3.0.0","scene_name":"SetupScene","end_time_seconds":"1734624275"}}